Workbook

Sheet Cartas
A1: Carta | B1: Chave (ficha) | C1: Raridade | D1: Selos | E1: Efeito (texto da carta) | F1: Acúmulo | G1: Frase (elementais) | H1: Consumível | I1: Atributos (1ª pilha / por pilha) | J1: Chance por carta (sala normal) | K1: Chance por carta (sala do chefe) | L1: Chance de aparecer numa escolha (aprox.)
A2: Atuadores Leves | B2: AtuadoresLeves | C2: Comum | D2: Mobilidade | E2: +9% de velocidade de movimento. | F2: +9% por pilha. | H2: Não | I2: MoveSpeed: 0,09 / 0,09 | J2: =Resumo!$E$5 | K2: =Resumo!$F$5 | L2: =1-(1-J2)^Resumo!$B$11
A3: Bocal Estendido | B3: BocalEstendido | C3: Comum | D3: Mobilidade | E3: +20% de distância do dash. | F3: +20% por pilha. | H3: Não | I3: DashDistance: 0,2 / 0,2 | J3: =Resumo!$E$5 | K3: =Resumo!$F$5 | L3: =1-(1-J3)^Resumo!$B$11
A4: Cano Curto | B4: CanoCurto | C4: Comum | D4: Dano | E4: +12% de dano em inimigos a menos de 6 m. | F4: +12% por pilha. | H4: Não | I4: CloseRangeDamage: 0,12 / 0,12 | J4: =Resumo!$E$5 | K4: =Resumo!$F$5 | L4: =1-(1-J4)^Resumo!$B$11
A5: Capacitor de Impulso | B5: CapacitorDeImpulso | C5: Comum | D5: Mobilidade | E5: O dash recarrega 15% mais rápido. | F5: +15% de velocidade de recarga por pilha. | H5: Não | I5: DashCooldownReduction: 0,15 / 0,15 | J5: =Resumo!$E$5 | K5: =Resumo!$F$5 | L5: =1-(1-J5)^Resumo!$B$11
A6: Lente de Calibração | B6: LenteDeCalibracao | C6: Comum | D6: Dano | E6: +6% de chance de crítico. | F6: +6% de chance por pilha. | H6: Não | I6: CritChance: 0,06 / 0,06 | J6: =Resumo!$E$5 | K6: =Resumo!$F$5 | L6: =1-(1-J6)^Resumo!$B$11
A7: Lâmina de Fase | B7: LaminaDeFase | C7: Comum | D7: Dano, Mobilidade | E7: O dash corta quem atravessa: 120% do dano do tiro. | F7: +60% de dano por pilha. | H7: Não | I7: DashDamage: 1,2 / 0,6 | J7: =Resumo!$E$5 | K7: =Resumo!$F$5 | L7: =1-(1-J7)^Resumo!$B$11
A8: Núcleo Imantado | B8: NucleoImantado | C8: Comum | D8: Recurso | E8: Atrai Cronitas de 40% mais longe. | F8: +30% por pilha. | H8: Não | I8: PickupRange: 0,4 / 0,3 | J8: =Resumo!$E$5 | K8: =Resumo!$F$5 | L8: =1-(1-J8)^Resumo!$B$11
A9: Placa de Casco | B9: PlacaDeCasco | C9: Comum | D9: Defesa, Vida | E9: +15 de vida máxima. | F9: +15 por pilha. | H9: Não | I9: MaxHealth: 15 / 15 | J9: =Resumo!$E$5 | K9: =Resumo!$F$5 | L9: =1-(1-J9)^Resumo!$B$11
A10: Pólvora Sintética | B10: PolvoraSintetica | C10: Comum | D10: Dano | E10: +8% de dano em todos os tiros. | F10: +8% por pilha. | H10: Não | I10: DamageBonus: 0,08 / 0,08 | J10: =Resumo!$E$5 | K10: =Resumo!$F$5 | L10: =1-(1-J10)^Resumo!$B$11
A11: Resfriador Avançado | B11: ResfriadorAvancado | C11: Comum | D11: Arma | E11: A munição recarrega 15% mais rápido. | F11: -15% de tempo por pilha (no mínimo 25% do original). | H11: Não | I11: ReloadTimeReduction: 0,15 / 0,15 | J11: =Resumo!$E$5 | K11: =Resumo!$F$5 | L11: =1-(1-J11)^Resumo!$B$11
A12: Servo-Gatilho | B12: ServoGatilho | C12: Comum | D12: Arma | E12: +10% de cadência de tiro. | F12: +10% por pilha. | H12: Não | I12: FireRate: 0,1 / 0,1 | J12: =Resumo!$E$5 | K12: =Resumo!$F$5 | L12: =1-(1-J12)^Resumo!$B$11
A13: Soro de Biomassa | B13: SoroDeBiomassa | C13: Comum | D13: Vida | E13: Regenera 0,5 de vida por segundo. | F13: +0,5 por segundo por pilha. | H13: Não | I13: HealthRegen: 0,5 / 0,5 | J13: =Resumo!$E$5 | K13: =Resumo!$F$5 | L13: =1-(1-J13)^Resumo!$B$11
... A15: Égide de Impulso | B15: EgideDeImpulso | C15: Comum | D15: Defesa, Mobilidade | E15: Cada dash dá 10 de barreira por 3 s. | F15: +6 de barreira por pilha. | H15: Não | I15: DashBarrier: 10 / 6 | J15: =Resumo!$E$5 | K15: =Resumo!$F$5 | L15: =1-(1-J15)^Resumo!$B$11
A16: Acelerador Térmico | B16: AceleradorTermico | C16: Incomum | D16: Dano, Fogo | E16: Inimigos em chamas recebem +20% de dano. | F16: +15% de dano por pilha. | G16: Tudo derrete mais rápido quando já está queimando. | H16: Não | I16: BurningVulnerability: 0,2 / 0,15 | J16: =Resumo!$E$6 | K16: =Resumo!$F$6 | L16: =1-(1-J16)^Resumo!$B$11
A17: Bobina Ressonante | B17: BobinaRessonante | C17: Incomum | D17: Ao acertar, Elétrico | E17: 15% ao acertar: um raio salta para 2 inimigos (70% do dano). | F17: +1 inimigo alcançado por pilha. | G17: E a sua música era elétrica. | H17: Não | I17: LightningChance: 0,15 / 0 LightningTargets: 2 / 1 LightningDamage: 0,7 / 0 | J17: =Resumo!$E$6 | K17: =Resumo!$F$6 | L17: =1-(1-J17)^Resumo!$B$11
A18: Cartucho Incendiário | B18: CartuchoIncendiario | C18: Incomum | D18: Ao acertar, Fogo | E18: 15% ao acertar: incendeia o alvo (60% do dano em 3 s). Acumula até 3 vezes. | F18: +30% do dano do tiro por queimadura, por pilha. | G18: O planeta queima, e nós também. | H18: Não | I18: BurnChance: 0,15 / 0 BurnDamage: 0,6 / 0,3 | J18: =Resumo!$E$6 | K18: =Resumo!$F$6 | L18: =1-(1-J18)^Resumo!$B$11
A19: Cristal Ceifador | B19: CristalCeifador | C19: Incomum | D19: Vida | E19: Críticos curam 4 de vida. | F19: +4 de cura por pilha. | H19: Não | I19: CritHeal: 4 / 4 | J19: =Resumo!$E$6 | K19: =Resumo!$F$6 | L19: =1-(1-J19)^Resumo!$B$11
A20: Disparo Perfurante | B20: DisparoPerfurante | C20: Incomum | D20: Dano | E20: 25% de o tiro atravessar o 1º inimigo (60% do dano nos seguintes). | F20: +15% de chance por pilha (acima de 100%, atravessa mais de um). | H20: Não | I20: PierceChance: 0,25 / 0,15 | J20: =Resumo!$E$6 | K20: =Resumo!$F$6 | L20: =1-(1-J20)^Resumo!$B$11
A21: Eco Temporal | B21: EcoTemporal | C21: Incomum | D21: Arma, Tempo | E21: 15% de chance de o tiro se repetir. | F21: +15% de chance por pilha (acima de 100%, repete mais de uma vez). | G21: O passado também sabe atirar. | H21: Não | I21: EchoChance: 0,15 / 0,15 | J21: =Resumo!$E$6 | K21: =Resumo!$F$6 | L21: =1-(1-J21)^Resumo!$B$11
A22: Escudo de Sincronia | B22: EscudoDeSincronia | C22: Incomum | D22: Defesa | E22: Escudo de 8% da vida. Recarrega após 3 s sem dano. | F22: +8% da vida máxima por pilha. | H22: Não | I22: ShieldFraction: 0,08 / 0,08 | J22: =Resumo!$E$6 | K22: =Resumo!$F$6 | L22: =1-(1-J22)^Resumo!$B$11
A23: Injetor de Adrenalina | B23: InjetorDeAdrenalina | C23: Incomum | D23: Arma, Mobilidade | E23: Ao levar dano: +15% de velocidade e cadência por 4 s (recarga de 10 s). | F23: +4 s de duração por pilha (a recarga não muda). | H23: Não | I23: AdrenalineDuration: 4 / 4 | J23: =Resumo!$E$6 | K23: =Resumo!$F$6 | L23: =1-(1-J23)^Resumo!$B$11
A24: Munição Atordoante | B24: MunicaoAtordoante | C24: Incomum | D24: Ao acertar, Tempo | E24: 15% ao acertar: o inimigo fica 30% mais lento por 2 s. | F24: +10% de lentidão por pilha (até 70%). | G24: Por dois segundos, o tempo esquece deles. | H24: Não | I24: SlowChance: 0,15 / 0 SlowAmount: 0,3 / 0,1 | J24: =Resumo!$E$6 | K24: =Resumo!$F$6 | L24: =1-(1-J24)^Resumo!$B$11
A25: Propulsor Auxiliar | B25: PropulsorAuxiliar | C25: Incomum | D25: Mobilidade | E25: +1 pulo no ar. | F25: +1 pulo por pilha. | H25: Não | I25: AirJumps: 1 / 1 | J25: =Resumo!$E$6 | K25: =Resumo!$F$6 | L25: =1-(1-J25)^Resumo!$B$11
A26: Resina Volátil | B26: ResinaVolatil | C26: Incomum | D26: Dano, Fogo | E26: Inimigos mortos explodem: 150% do dano em 4 m. | F26: +75% de dano e +1,5 m de raio por pilha. | G26: Kairós guarda rancor em cada gota. | H26: Não | I26: ExplosionDamage: 1,5 / 0,75 ExplosionRadius: 4 / 1,5 | J26: =Resumo!$E$6 | K26: =Resumo!$F$6 | L26: =1-(1-J26)^Resumo!$B$11
A27: Amplificador Focal | B27: AmplificadorFocal | C27: Raro | D27: Dano | E27: Críticos causam 3x em vez de 2x. | F27: +100% de dano crítico por pilha. | H27: Não | I27: CritDamage: 1 / 1 | J27: =Resumo!$E$7 | K27: =Resumo!$F$7 | L27: =1-(1-J27)^Resumo!$B$11
A28: Coração Aeônida | B28: CoracaoAeonida | C28: Raro | D28: Dano, Tempo | E28: +1% de dano por 0,1x de multiplicador de tempo (máx. +250%). | F28: +1% por 0,1x por pilha (o limite de +250% não muda). | G28: O tempo não perdoa ninguém. Mas com você, ele abre uma exceção. | H28: Não | I28: DamagePerTenthMultiplier: 0,01 / 0,01 | J28: =Resumo!$E$7 | K28: =Resumo!$F$7 | L28: =1-(1-J28)^Resumo!$B$11
A29: Câmara Dupla | B29: CamaraDupla | C29: Raro | D29: Mobilidade | E29: +1 carga de dash. | F29: +1 carga por pilha. | H29: Não | I29: DashCharges: 1 / 1 | J29: =Resumo!$E$7 | K29: =Resumo!$F$7 | L29: =1-(1-J29)^Resumo!$B$11
A30: Mísseis de Sondagem | B30: MisseisDeSondagem | C30: Raro | D30: Dano, Ao acertar | E30: 10% ao acertar: míssil teleguiado com 300% do dano. | F30: +300% de dano do míssil por pilha. | H30: Não | I30: MissileChance: 0,1 / 0 MissileDamage: 3 / 3 | J30: =Resumo!$E$7 | K30: =Resumo!$F$7 | L30: =1-(1-J30)^Resumo!$B$11
A31: Segunda Ignição | B31: SegundaIgnicao | C31: Raro | D31: Vida | E31: Ao morrer, revive com metade da vida. Gasta o item. | F31: +1 revivida por pilha (cada uma consome uma pilha). | H31: Sim | I31: Revives: 1 / 1 | J31: =Resumo!$E$7 | K31: =Resumo!$F$7 | L31: =1-(1-J31)^Resumo!$B$11

Sheet Resumo
A1: Cartas de item — resumo do sorteio
A2: Valores em azul vêm do ItemCatalog.asset (pesos, multiplicador de Raro na sala do chefe, cartas oferecidas e escolhidas). Mude-os aqui para simular outro balanceamento: as chances recalculam.
A4: Raridade | B4: Peso | C4: Itens no catálogo | D4: Chance de a carta ser desta raridade | E4: Chance por carta de cada item (sala normal) | F4: Chance por carta de cada item (sala do chefe)
A5: Comum | B5: 70 | C5: =COUNTIF(Cartas!$C:$C,A5) | D5: =B5/SUM($B$5:$B$7) | E5: =IF(C5=0,0,D5/C5) | F5: =IF(C5=0,0,(1-MIN(1,$D$7*$B$10))*B5/($B$5+$B$6)/C5)
A6: Incomum | B6: 25 | C6: =COUNTIF(Cartas!$C:$C,A6) | D6: =B6/SUM($B$5:$B$7) | E6: =IF(C6=0,0,D6/C6) | F6: =IF(C6=0,0,(1-MIN(1,$D$7*$B$10))*B6/($B$5+$B$6)/C6)
A7: Raro | B7: 5 | C7: =COUNTIF(Cartas!$C:$C,A7) | D7: =B7/SUM($B$5:$B$7) | E7: =IF(C7=0,0,D7/C7) | F7: =IF(C7=0,0,MIN(1,D7*$B$10)/C7)
A8: Total | B8: =SUM(B5:B7) | C8: =SUM(C5:C7)
A10: Multiplicador da chance de Raro na sala do chefe | B10: 2
A11: Cartas oferecidas por escolha | B11: 4
A12: Cartas escolhidas por escolha | B12: 2
A14: A chance de um item aparecer numa escolha (aba Cartas) é aproximada: 1 - (1 - chance por carta) ^ cartas oferecidas. O jogo não repete itens numa mesma escolha, o que deixa a chance real um pouco maior.

Sheet Efeitos
A1: Carta | B1: Raridade | C1: Atributo (PlayerStat) | D1: 1ª pilha | E1: Por pilha extra | F1: Pilhas | G1: Valor com as pilhas
A2: Atuadores Leves | B2: Comum | C2: MoveSpeed | D2: 0.09 | E2: 0.09 | F2: 1 | G2: =IF(F2<=0,0,D2+E2*(F2-1))
A3: Bocal Estendido | B3: Comum | C3: DashDistance | D3: 0.2 | E3: 0.2 | F3: 1 | G3: =IF(F3<=0,0,D3+E3*(F3-1))
A4: Cano Curto | B4: Comum | C4: CloseRangeDamage | D4: 0.12 | E4: 0.12 | F4: 1 | G4: =IF(F4<=0,0,D4+E4*(F4-1))
A5: Capacitor de Impulso | B5: Comum | C5: DashCooldownReduction | D5: 0.15 | E5: 0.15 | F5: 1 | G5: =IF(F5<=0,0,D5+E5*(F5-1))
A6: Lente de Calibração | B6: Comum | C6: CritChance | D6: 0.06 | E6: 0.06 | F6: 1 | G6: =IF(F6<=0,0,D6+E6*(F6-1))
A7: Lâmina de Fase | B7: Comum | C7: DashDamage | D7: 1.2 | E7: 0.6 | F7: 1 | G7: =IF(F7<=0,0,D7+E7*(F7-1))
A8: Núcleo Imantado | B8: Comum | C8: PickupRange | D8: 0.4 | E8: 0.3 | F8: 1 | G8: =IF(F8<=0,0,D8+E8*(F8-1))
A9: Placa de Casco | B9: Comum | C9: MaxHealth | D9: 15 | E9: 15 | F9: 1 | G9: =IF(F9<=0,0,D9+E9*(F9-1))
A10: Pólvora Sintética | B10: Comum | C10: DamageBonus | D10: 0.08 | E10: 0.08 | F10: 1 | G10: =IF(F10<=0,0,D10+E10*(F10-1))
A11: Resfriador Avançado | B11: Comum | C11: ReloadTimeReduction | D11: 0.15 | E11: 0.15 | F11: 1 | G11: =IF(F11<=0,0,D11+E11*(F11-1))
A12: Servo-Gatilho | B12: Comum | C12: FireRate | D12: 0.1 | E12: 0.1 | F12: 1 | G12: =IF(F12<=0,0,D12+E12*(F12-1))
A13: Soro de Biomassa | B13: Comum | C13: HealthRegen | D13: 0.5 | E13: 0.5 | F13: 1 | G13: =IF(F13<=0,0,D13+E13*(F13-1))
... A37: Segunda Ignição | B37: Raro | C37: Revives | D37: 1 | E37: 1 | F37: 1 | G37: =IF(F37<=0,0,D37+E37*(F37-1))
A39: Mude a coluna Pilhas (azul) para ver o valor de cada atributo com várias pilhas (acúmulo linear: 1ª pilha + por pilha x (pilhas - 1)). Frações como 0,06 são 6%.
